Red_Mean,Red_Variance,Red_Skewness,Red_Kurtosis,Green_Mean,Green_Variance,Green_Skewness,Green_Kurtosis,Blue_Mean,Blue_Variance,Blue_Skewness,Blue_Kurtosis,Category
94.7,3883.4100000000008,1.4972439703987626,1.6205942024538276,85.3,3873.0099999999993,1.86596636207155,2.676102590732768,85.1,3908.8900000000003,1.833387589273271,2.6164488231204563,cats
153.3,3746.21,0.1165035349995881,-1.3851793436863769,104.0,4261.0,1.3262807540892687,0.37542349491942684,97.1,4317.29,1.3316301815685565,0.3699241072776176,cats
129.6,2915.6400000000003,0.9188285844037907,0.45658164376663324,117.4,2727.84,0.899083863960263,0.4595843465110607,114.1,3323.29,1.1822850437629335,0.9423288726518413,cats
162.5,1656.45,0.5772412386582111,0.6012852100408921,85.9,4576.889999999999,1.1830703520962738,0.32372654213908714,100.6,3895.8399999999992,1.4546204443141755,0.9952050016880412,cats
124.7,4814.610000000001,0.29614727680551967,-0.85073892672236,119.6,4888.24,0.5436491165864339,-0.9230995979008716,114.2,5579.960000000001,0.4829089443924695,-1.0270795549989733,cats
177.3,2350.0099999999998,0.06607430178740263,-1.109935656589071,157.9,2977.0899999999992,0.12380732057660568,-0.8154476387296641,125.1,4201.69,0.4901998851729373,-0.5858569788923758,cats
136.3,3880.6099999999997,0.4443656736118964,-0.8479850678172318,123.9,5113.289999999999,0.5752788858785427,-0.9653860079851873,107.2,5939.56,0.7662942354810502,-0.84181405437795,cats
193.3,1501.2100000000003,-0.4810863510474701,-0.4704048871732298,154.3,1605.21,1.2253846421715378,1.4761991418786984,129.8,2118.7599999999998,1.8115656792785162,2.674684256352725,cats
121.5,3055.25,1.1809948825249759,0.7366596126551084,104.3,3080.41,1.8428371810231883,2.575441679979897,118.8,2762.7599999999998,1.230477035168391,1.0129912955329488,cats
161.6,2229.84,0.05439037966460637,-0.21328054558453768,161.0,2065.8,-0.5833161325502609,-0.5645544198258929,160.6,2809.44,-0.2794537257325507,-0.409443005056191,cats
117.8,2815.7599999999993,1.4494852339067354,1.8041135847527743,117.1,2959.49,1.3200852572915975,1.5150650177631055,112.9,3121.69,1.327643647659292,1.5739492992186026,cats
138.5,2805.45,0.711771571503291,-0.003149061493395333,85.3,4370.409999999999,1.5417793602828749,1.5548589864499567,135.9,4067.69,0.3003335206004468,-0.8363242472481507,cats
140.4,4586.4400000000005,0.003586532205829922,-1.0107122387291136,128.6,4535.4400000000005,0.21983660596695692,-0.8024529157465192,124.8,4291.159999999999,0.34831458481866134,-0.531873070219044,cats
142.4,2802.84,0.3164452034484263,0.06530521244585863,140.7,2998.6099999999997,0.27959290230658346,-0.11121135449166575,134.5,3596.25,0.16545289726176712,-0.3396358577956198,cats
99.5,4893.45,0.8346619442420219,-0.047998592895390324,95.2,4867.56,0.9737661883548681,0.20970948908615528,93.4,4768.64,1.0972660349249834,0.4072061761376844,cats
118.9,2772.09,1.637083503818693,1.6698362888782192,187.2,5205.160000000001,-0.3445268581954682,-1.6720494693622712,182.5,5692.65,-0.30976153390690747,-1.7012716358393358,cats
95.2,6600.56,0.7270992668799348,-0.8270455340140281,98.3,5435.009999999999,0.9882144354034993,-0.3691241468511217,99.7,5183.410000000001,1.0742311923009178,-0.17540240950646124,cats
103.1,4409.089999999999,0.9102711711061553,0.2783651351614651,99.8,4556.959999999999,0.9829055249755447,0.31370295682422134,95.9,4701.69,1.1369654574977883,0.40337681110431367,cats
139.6,4112.4400000000005,0.49712987897374783,-1.1559677095372396,147.5,3262.25,0.46542039744405594,-0.8064357362122072,146.6,3008.6400000000003,0.4580982144495569,-0.5133432911682765,cats
123.8,7693.359999999999,-0.023332264279578827,-1.598306988502285,78.0,4422.6,0.37809147648412933,-1.2380184626977617,50.2,5156.56,2.216520541005305,3.6793067736639147,cats
197.4,1470.64,-0.8155337184278199,0.19437159202084686,169.9,3621.8900000000003,-0.29119618149459475,-1.2479157279436939,159.3,4436.21,-0.1673163942285316,-1.350299983501783,cats
153.3,2552.0099999999998,0.5987828450093395,-0.6208001200269191,143.2,2359.7599999999998,0.9922274251732904,0.267569308657869,118.1,3389.2899999999995,1.1029947639264084,0.4936217238641887,cats
97.5,3175.05,2.004900995348218,3.2685636632515838,84.4,3755.2400000000002,1.987517599445593,3.1514595642317893,66.3,4538.8099999999995,2.055734378328053,3.261480653883181,cats
90.2,3895.1600000000008,1.5949429174394232,2.130295388195102,86.5,4004.85,1.6291117677904898,2.148567577083022,86.3,4234.009999999999,1.5251900177880668,1.7693314519501309,cats
150.9,1062.0900000000001,0.09993084097480842,0.7553413807436051,146.2,1442.1599999999999,0.06615089107103614,0.4849021146632899,136.0,1956.0,0.28626220498360294,0.3528959188026142,cats
136.4,3994.84,0.6886505020095737,-1.0207868108807407,136.9,3665.4900000000002,0.6768781068549561,-0.797236071193471,137.5,3999.05,0.6589909469183811,-0.9682532184757431,cats
100.7,3196.2100000000005,1.8556819370088409,2.7009589618294463,88.9,3577.29,1.9956554097952022,3.0623035086215076,86.7,3908.2100000000005,1.806784420743218,2.397246745172472,cats
83.8,4896.159999999999,1.2542825995628009,0.908989922180329,75.6,4790.039999999999,1.569247521046282,1.7266103630365262,71.1,5009.889999999999,1.5885931241076874,1.7615467800106863,cats
141.3,4480.41,-0.09823302566266498,-0.9344161795603179,112.2,4501.76,0.41698686529426054,-0.6901498111004494,109.0,4899.2,0.6307404665789944,-0.48431399549203213,cats
123.3,4044.809999999999,0.8549904529066291,-0.5056655350935757,122.5,3997.25,0.8599941517153437,-0.4232745853039144,121.2,3937.3600000000006,0.8556926261264299,-0.31006174941244335,cats
146.3,1297.0099999999998,1.1156957754311891,0.7580459417423557,144.8,2607.96,0.5156872385944465,-0.05021564230624653,134.3,3076.41,-0.07578368713209833,-0.8982220805154069,cats
167.4,1135.0400000000002,1.5460314406659295,1.835734986299805,157.8,1446.96,1.456184768961024,1.5588165475023885,137.4,1551.84,0.9879257426559113,0.07042410359427809,cats
69.4,2908.6400000000003,1.0357060964588451,-0.5014584941575237,79.5,2350.65,0.9455517453015921,-0.4439149402088911,72.2,3027.16,0.943043219851117,-0.563762885040767,cats
130.8,4396.56,0.322767201466965,-0.9242032823714874,118.8,4269.76,0.6188747996684087,-0.4672852517447228,111.4,4261.4400000000005,0.7687574287334096,-0.08689099017184887,cats
114.9,4845.49,0.6123012244338014,-0.7546277982222955,118.8,5678.5599999999995,0.5836992128463594,-1.114660948965564,106.3,4219.009999999999,0.9340332065629131,0.18998502178992727,cats
123.8,4963.96,0.414689057752342,-0.9101583265027284,103.1,3964.09,1.0319665951679373,0.8853627749506767,106.6,4646.4400000000005,0.6950828860665734,-0.11806866192642262,cats
136.9,5005.29,-0.3341892781992831,-0.7641098839524605,128.5,5376.05,-0.23973418455607745,-0.7980640161835115,132.3,5887.410000000001,-0.35668611297992325,-0.9802079402389996,cats
110.0,5532.8,0.5550740084722833,-0.9394000050929256,110.4,5995.240000000001,0.48495949876955163,-1.0838688749408114,107.1,6410.29,0.48250503002053724,-1.1452501699324784,cats
143.7,6697.610000000001,-0.12120410070696988,-1.5915018786132011,141.0,6842.4,-0.04141625797495863,-1.6205284180759474,137.7,7184.210000000001,0.017228397434831007,-1.6505225337807812,cats
122.0,5076.4,0.37058599420221167,-0.8859852126903016,112.7,5100.410000000001,0.5855992620085229,-0.6536387393892809,107.0,5317.0,0.6989723648198094,-0.5668625823911291,cats
149.5,4942.65,0.2769402262883305,-1.4266371507711615,137.1,5493.89,0.4731545501761297,-1.342872821576055,130.6,5619.24,0.5739044666649611,-1.197219621806438,cats
119.5,5919.05,0.8383978890093364,-0.8589858571118878,122.4,5827.839999999999,0.798345529467238,-0.9083094255377304,121.1,6154.6900000000005,0.7645852934692534,-0.991708598293839,cats
130.5,3651.25,0.38915622044401543,-0.2909206694935129,125.9,4248.09,0.2522980803365559,-0.4836399839098551,110.5,3676.05,0.5970279468898108,-0.09960972536441526,cats
118.0,4832.8,0.35450671561099856,-0.8432263896590757,116.0,5056.6,0.42882782184954654,-0.8082640365197205,113.1,5340.089999999999,0.4731079930764464,-0.8150805319400791,cats
180.1,1456.0900000000001,0.20326403026705128,-0.45326570380091447,180.3,1320.21,-0.3273067267757842,-0.6763269680342647,135.4,2423.84,1.0150923985456342,1.0791544703734823,cats
136.0,3023.4,0.6139024757954713,-0.13245529219511232,124.3,3122.41,0.9077454584925433,0.2895490554276581,119.1,3355.09,1.0309483930333336,0.4469250254647643,cats
99.8,2825.96,2.4002485327959264,4.323928140870136,91.1,3194.09,2.1383888861943747,3.50910597454853,81.9,4244.49,1.6888074691111923,2.181470080607638,cats
147.5,4076.25,0.22785680892409976,-1.2179295247815969,134.2,3661.9600000000005,0.37253111324564964,-0.37066978053686706,109.4,4493.639999999999,0.7454695252948115,-0.11473475724096005,cats
122.1,5146.090000000001,0.12633686904502844,-0.9345700839585405,102.9,4951.890000000001,0.6301425490405461,-0.2352394741964865,87.6,5068.639999999999,1.0539522563670647,0.42653400511290984,cats
109.4,1346.6399999999999,0.7709065712518954,0.10193899705392173,107.0,1443.6,0.9129321586907669,0.1945230440109209,105.5,3107.25,1.800425628805572,2.346352797770166,cats
86.2,5835.160000000001,0.8866252308088441,-0.25540811296759225,82.0,6249.2,0.8973394982180866,-0.290074554365336,76.7,6010.610000000001,1.078171754928798,0.14093293917963123,dogs
144.3,2355.41,0.6034286996284202,0.2456852605773694,145.2,2514.76,0.5367922461014485,0.1729954593795524,145.2,2619.7599999999998,0.45022828091427464,0.03600468093538867,dogs
164.7,6055.81,-0.11877547390304447,-1.6308906340176381,158.3,5861.61,-0.11243352829636982,-1.5939284411127979,159.7,6267.410000000001,0.024576555341030842,-1.676358954576198,dogs
162.5,4106.45,-0.14801071542593744,-1.2253997663097025,151.6,5215.639999999999,-0.034298873617202255,-1.417003907443486,124.8,6292.160000000001,0.11153948559635637,-1.4248274671766796,dogs
119.5,8189.65,0.48309057276735806,-1.3983255710186453,108.2,7303.560000000002,0.6506730229230305,-1.1801225069952308,101.8,6302.5599999999995,0.7245148913518298,-0.9171791398447953,dogs
115.7,4753.610000000001,0.4835687828167189,-0.6272181346350472,115.6,4265.639999999999,0.6141296756514273,-0.28982441555497607,93.9,4170.89,1.276864596515324,1.2026792136378166,dogs
187.7,2181.0099999999998,-0.4662874882284299,-0.7930632035336136,173.0,2140.0,0.07075994384756201,-0.9202622936501004,160.5,2817.05,0.17296444589125745,-0.9344381438168199,dogs
167.4,2357.2400000000002,-0.41532247072953643,0.3517449775781678,156.0,2301.4,0.19510011968987032,0.008066003615755601,137.6,3043.2400000000002,0.37606728020335006,0.06976251907086439,dogs
144.6,4862.64,0.020155531242542806,-1.007816371960804,115.0,4398.4,0.7095272718229637,-0.28673465753808935,57.5,5178.85,1.8547315603633237,2.3518084752354325,dogs
119.0,6242.0,0.3598010742858603,-1.3137884046850714,117.4,6194.240000000001,0.37383370920913356,-1.3027900978694458,110.0,5068.8,0.6535201703040578,-0.7229667315615917,dogs
158.8,4987.160000000001,-0.7242271900084369,-0.801089374287125,135.3,3562.0099999999993,0.04569202180785647,-0.2025255892692841,111.7,3288.2100000000005,1.170437660023714,1.447223484261376,dogs
116.6,6165.640000000001,0.16602908378423903,-1.1966908986440354,111.3,4777.209999999999,0.46025872933014894,-0.4224108452907718,88.3,4961.409999999999,1.0640647490022517,0.5015110264908063,dogs
114.9,3589.4899999999993,0.9819234777377277,0.4338150169841888,117.0,2712.8,1.6399183878823334,2.189827655838858,101.6,3545.0399999999995,1.4936814201823718,1.657544265901766,dogs
148.7,4329.41,-0.21195390983251888,-1.0397138685851302,123.6,4975.04,0.008009796502728131,-0.789088496598199,107.0,4964.2,0.41307452956743246,-0.32395423777658827,dogs
134.6,6461.04,-0.03865945527607736,-1.5739033711252137,108.8,5279.159999999999,0.47329565723787975,-0.7741652333934264,83.2,5032.360000000001,1.198973909633565,0.7379197529287902,dogs
184.3,3194.6099999999997,0.002929317886759477,-1.558644843086059,155.8,3386.96,0.5575239892355317,-0.8219722145622099,126.8,5760.96,0.5162742169134441,-0.9684522717047392,dogs
142.5,3367.85,0.3746856325913518,-0.515952212621754,141.2,3608.16,0.2339573167576249,-0.5886158734922433,140.0,3891.4,0.1708104664990559,-0.7250991256421262,dogs
88.0,4753.2,1.2655838569577538,0.819938957983485,87.3,4739.01,1.296084423842826,0.8882863770093823,89.6,4109.64,1.5369750245791527,1.671775201598055,dogs
131.5,4834.05,0.28811991232173073,-1.0058755054343718,146.3,4484.01,-0.008357830734861972,-0.9969787841875153,132.5,3975.05,0.3920485773968838,-0.6666541765466993,dogs
113.9,2338.8900000000003,0.7894505571269478,-0.5038055100308179,89.6,2455.8399999999997,1.1786764663084777,0.045030576530972866,81.8,4530.5599999999995,1.6970562620163645,1.6116455734400796,dogs
142.1,4100.6900000000005,0.05582866100179903,-1.0739378010243918,139.2,4590.360000000001,0.05497296762617016,-1.2483322941912318,125.5,5270.85,-0.07375054993813686,-1.6118914375171383,dogs
135.8,5254.16,0.1026225961265745,-1.2156466760741578,124.9,5092.889999999999,0.3435846988531042,-1.1117033654413235,122.2,4934.76,0.4495661889188378,-1.0158893681001924,dogs
140.0,3565.2,0.14138681301459313,-0.39342478243348866,130.7,3523.0099999999998,0.4125695960955221,-0.061927727612456795,126.2,3875.3600000000006,0.3358799372282278,-0.07859864089610147,dogs
152.4,4706.24,0.07311905619247515,-1.363178001713523,158.9,4266.6900000000005,0.018213533911128114,-1.4033680279358978,106.9,4702.289999999999,0.8669867343862296,-0.2883701315937297,dogs
131.5,5385.65,0.4379146216335364,-1.3576696802920754,119.4,5866.039999999999,0.5079274721848882,-1.2723613536102223,104.6,4096.639999999999,1.1203719850784843,0.403570693992219,dogs
126.4,3874.8399999999992,0.5840349866628612,-0.44591967384507925,135.0,3618.4,0.39345466312799227,-0.5204446428989544,142.1,3237.4900000000002,0.36997197854817465,-0.554040437528402,dogs
107.6,4922.24,0.9083277551428128,-0.46111683022568695,104.6,4776.04,1.0882713354534381,-0.16275118549574685,113.8,4615.5599999999995,1.0271671076491167,-0.33679237042418686,dogs
181.8,1644.56,0.5730652826521867,-0.8352439682061861,167.9,2113.69,0.4328303813859975,-0.5903584341671038,143.3,3368.21,0.31154075747796506,-0.5002362689010869,dogs
164.9,2019.6899999999998,0.3157873233377166,-0.4008698601826537,154.9,2206.69,0.4033535822675121,0.01944328731177203,154.8,2444.56,0.2556530737061585,-0.257904458228599,dogs
159.6,3075.84,-0.23639525755531224,-0.8224466276954709,80.1,5206.49,1.2870595400150582,0.7258621303869042,64.9,4979.289999999999,1.858369970563422,2.3778015325586646,dogs
130.6,6408.24,-0.08941017727780046,-1.2157089196949216,136.9,5050.49,0.10342645866774185,-1.2316868666432292,143.0,6120.0,-0.12450272997879037,-1.3010428360886837,dogs
137.0,2093.6,1.1598140048771974,1.390270988359962,131.4,2313.44,1.3397431934769493,1.8420307143435126,98.7,2961.6099999999997,1.618489878077077,2.1991485473375514,dogs
190.9,3764.8899999999994,-0.41948467454350874,-1.380884180128195,162.7,4821.41,0.004610760331031062,-1.524539975658861,144.5,4870.05,0.30863379449321204,-1.216961887157198,dogs
120.0,3901.4,0.8671517107514908,-0.3123754324800445,104.9,4103.49,1.1241046995666204,0.3560948524474563,93.9,4390.6900000000005,1.2738363689163825,0.771056095301685,dogs
143.0,2459.2,0.5972767156945425,0.5114511243798079,137.6,2582.2400000000002,0.7054171983297172,0.6701412252211094,116.1,3605.8899999999994,0.7473075106358865,0.29758743560938417,dogs
141.0,5502.2,0.06750108268574749,-1.3837692828400643,140.3,5246.61,0.10154118891666387,-1.3199695081368,129.6,6348.64,0.11968198074278505,-1.4161114483302333,dogs
94.7,4998.210000000001,1.0722393880929526,0.04592410879207742,112.4,3341.6400000000003,1.3843592901363677,1.0373713132485216,93.3,5216.209999999999,1.0977012794265115,-0.02111651036081641,dogs
145.1,3427.09,0.3695393056028014,-0.970847921025336,177.8,2072.96,-0.18798425657016885,-0.49053817375068887,194.6,1972.6399999999999,-0.153073963216323,-1.28572945787085,dogs
128.4,2961.04,1.0174670224242128,0.3086070426372469,118.6,3661.04,0.902064731543865,0.0005724112491063416,112.2,4192.56,0.8302846277540219,-0.20787261121389156,dogs
132.3,2904.41,0.7083027892613022,-0.0120022937584352,131.8,2955.56,0.8101356063167857,0.2200689381018539,126.9,3123.6899999999996,0.8562885793656956,0.3129275136412706,dogs
153.5,2797.45,0.2966185671234438,-0.7846892225326649,146.9,3295.69,0.36549927526871884,-0.9849832343928817,143.0,4149.6,0.25117917378556526,-1.272698042320733,dogs
154.5,1467.45,1.5940210812009834,1.977170970062625,147.4,1618.8400000000001,1.6776552319197442,2.368071307394053,142.8,1865.1600000000003,1.4423017354355943,1.9406493878816589,dogs
127.9,3978.69,0.6290407037520045,-0.5423411222048884,128.6,3284.44,0.7255039016017643,0.00012255969857077886,98.4,3556.6400000000003,1.614271736937945,1.9736167789722492,dogs
184.8,5901.760000000001,-0.9129199453731537,-0.6048543905779806,168.8,5957.5599999999995,-0.5798042331715012,-1.0769657200788316,164.3,6279.41,-0.46526230201397967,-1.2620842242130406,dogs
111.2,5141.360000000001,0.6148246938320033,-0.7331276276276251,98.6,4570.64,1.0709704335905483,0.26767818770653484,85.8,4364.159999999999,1.5420853248749171,1.506456399350352,dogs
175.9,2848.8900000000003,-0.27180699340967684,-1.000199506621432,169.0,2818.4,-0.1915790436023308,-1.008955171840633,160.9,3318.29,-0.07733354503534161,-1.188372862580726,dogs
158.4,3772.04,-0.3298539124747326,-0.5917216389005988,127.1,4367.69,0.35051293873624223,-0.7366364846900826,111.7,6279.610000000001,0.33575523771937493,-1.1900124436729986,dogs
155.4,5749.639999999999,-0.41371015285022866,-1.2688328172710097,156.5,4204.25,-0.30348597388868515,-1.1027354960109135,143.3,5704.61,-0.34531246820028955,-1.209085123650775,dogs
150.0,3084.8,-0.06021613992564392,-0.28120429167617234,139.0,3426.4,0.09010205718502542,-0.24259811293981448,122.0,3873.6,0.40046524031928843,0.0023717726757865876,dogs
136.1,3642.8900000000003,0.3393036693303419,-0.4868733946277981,117.9,5010.6900000000005,0.37832282942025497,-0.876293482158228,115.7,4875.01,0.4970184353180065,-0.7900786315468,dogs
102.7,4379.610000000001,1.203144222974045,0.23156858453173434,88.7,4866.81,1.3309630683452618,0.5681074664956265,68.7,5007.01,1.748442498567984,1.9454527333220906,horses
160.1,4294.89,-0.2134825299328565,-0.8552140556004586,160.1,4294.89,-0.2134825299328565,-0.8552140556004586,160.1,4294.89,-0.2134825299328565,-0.8552140556004586,horses
167.4,1542.64,0.544147169274978,0.47177628057657683,168.0,3154.8,-0.6040952106006917,-0.42329860593164526,157.2,6916.159999999999,-0.242207486450855,-1.6284180484612565,horses
167.9,2810.8900000000003,0.14392242789998536,-1.3135771446604507,160.5,2907.65,-0.4831341369196235,0.0009168916597221966,141.0,4949.8,0.03717584382074579,-1.0751996233954226,horses
140.2,4504.96,0.09842369613998189,-1.1293407316420025,140.2,4504.96,0.09842369613998189,-1.1293407316420025,140.2,4504.96,0.09842369613998189,-1.1293407316420025,horses
102.7,4379.610000000001,1.203144222974045,0.23156858453173434,88.7,4866.81,1.3309630683452618,0.5681074664956265,68.7,5007.01,1.748442498567984,1.9454527333220906,horses
161.5,3431.85,-0.1874449604508421,-0.5361363261870293,152.0,4106.6,-0.054785211623519785,-0.7171363368821599,118.9,5294.89,0.8193974860637556,-0.4078881795270686,horses
101.0,4953.2,0.7840456407427806,-0.12234416912224955,101.0,4953.2,0.7840456407427806,-0.12234416912224955,101.0,4953.2,0.7840456407427806,-0.12234416912224955,horses
171.9,3484.4899999999993,-0.9317140798878613,-0.014515596492887806,139.5,2241.25,-0.9076800130314834,0.039615108516760866,89.0,1683.4,0.05868074507463354,-0.46684108939616875,horses
142.6,2741.2400000000002,0.5674471912317489,-0.1159520818537838,126.4,2722.4399999999996,0.5367678180522407,-1.0311933086593983,91.6,4808.04,0.8765140590784403,-0.8214852305315525,horses
204.8,954.3599999999999,-0.3734172373260774,0.013288957406186075,204.9,767.49,-0.4050114459085648,0.11760094993104886,205.0,1457.6,-0.8252328255334209,-0.22913140979683577,horses
130.0,3803.4,0.31172031931913463,-0.41906696296833834,131.4,4463.64,0.14039252764717422,-0.8648879248088601,120.2,6210.76,0.3727948589866491,-1.3398172406155968,horses
134.6,5104.039999999999,-0.051427146091786946,-1.0789770424069507,144.8,5363.160000000001,-0.30042835854098016,-1.1308463610621218,113.9,7317.289999999999,0.6857742077472456,-1.1849127186099486,horses
204.8,954.3599999999999,-0.3734172373260774,0.013288957406186075,204.9,767.49,-0.4050114459085648,0.11760094993104886,205.0,1457.6,-0.8252328255334209,-0.22913140979683577,horses
137.9,5438.09,0.12434970815022299,-1.3116737106174559,136.5,5666.25,0.15875397530211155,-1.276104679515453,104.8,7069.359999999999,0.7710386200139626,-0.8413572158640057,horses
174.0,2151.0,0.18409406018644905,-0.8988277645829159,191.4,1291.24,0.027389440014885847,-0.6064694645643396,210.3,985.01,-0.7320481342213446,-0.29805708866041103,horses
222.5,1926.25,-0.9210290116850307,-0.7341847363919616,202.8,4472.5599999999995,-0.6980831628550235,-1.2500592632408631,181.0,8588.6,-0.6248082725529382,-1.4251095233654387,horses
135.3,3175.6099999999997,0.2987466407331522,0.21409663333626883,147.5,3724.65,0.04182564995998781,-0.9116098421506207,130.1,9804.89,0.29068328193834475,-1.7533475886098957,horses
162.7,1514.21,1.1595168339360975,0.6360843156754634,166.3,1690.81,0.45461137208876307,0.04112850558208914,176.3,3312.6099999999997,-0.5438522032420466,-0.9668542651972074,horses
166.9,1564.69,0.44031877351180504,0.5497839177295414,155.1,1831.0900000000001,0.7467866191095085,0.8330326707686466,96.8,3979.3599999999997,1.3247119882372627,1.2996644037016534,horses
198.3,2958.41,-1.9015158787339927,2.834488128353856,193.9,3534.8899999999994,-1.3321276102178379,1.0152329741021529,186.3,4912.410000000001,-0.743950082544261,-0.832904834002802,horses
128.8,2998.3599999999997,0.9572436688844882,0.2560091715651036,156.5,2081.25,0.5770572309239914,-0.08677098287476648,204.5,1907.65,-0.9636860875010549,-0.40275428469701735,horses
147.8,2672.96,0.0571442541306658,0.3608115834001566,154.1,2364.09,0.07219590931917516,0.30216094337865984,107.4,6596.840000000001,0.023284234866491484,-1.8126211263984122,horses
142.6,2002.0400000000002,1.2231904401030025,1.462036422196027,151.0,2427.0,0.1994728160627859,0.37434527001802476,182.3,3914.8100000000004,-1.107923192735566,-0.0558923272541203,horses
134.4,4981.040000000001,0.008776953908857372,-0.9907536392761327,137.1,4720.09,-0.00354296934080712,-0.9979163728439437,160.2,5119.36,-0.4579585165786537,-1.0881546532526931,horses
170.7,2260.21,-0.08995542853405512,-0.5669439044646518,168.4,2075.8399999999997,-0.41367136100298474,0.6779297186943651,168.6,2431.6400000000003,-0.28376846026807623,-0.3345879587843208,horses
185.8,3095.36,-0.8282354278857533,-0.58665123516825,187.5,2719.65,-0.9100167611604717,-0.07674825966218846,144.6,3834.84,0.6576978691158273,-0.5393360347023166,horses
147.8,2672.96,0.0571442541306658,0.3608115834001566,154.1,2364.09,0.07219590931917516,0.30216094337865984,107.4,6596.840000000001,0.023284234866491484,-1.8126211263984122,horses
133.6,11107.240000000002,-0.11277843062397423,-1.6316426108696573,124.8,11569.359999999997,0.0841665535904601,-1.7118452025821582,121.5,11866.25,0.1448177126524008,-1.737633887944999,horses
116.5,3434.65,1.016953042455843,0.7114666284737772,127.3,3649.81,0.5757640905955623,-0.3060110484426488,121.9,6315.089999999999,0.3327006099261811,-1.4673044679711325,horses
166.0,1461.2,0.8678064231670857,0.6864347083486426,165.1,3123.6900000000005,-0.12141967422394125,-1.216918782031213,152.0,8442.0,-0.014032803762143239,-1.7391441950904765,horses
236.3,1043.0099999999998,-1.673924149610179,1.447731486241591,234.2,1214.56,-1.6010119260420588,1.1932349704280094,231.3,1437.2099999999998,-1.519665405852566,0.9637233766187672,horses
193.4,4231.639999999999,-0.4861086995436666,-1.200920359369949,189.5,5023.45,-0.5531491821605226,-1.047127283167456,160.9,9113.289999999999,-0.13335751679843313,-1.813308515679987,horses
149.0,2550.2,0.43101526611985347,-0.22670527820807607,164.9,2402.29,-0.35347085958433866,-0.8534797308447049,166.6,6367.639999999999,-0.6820924186115929,-1.2329146745199466,horses
134.5,5411.45,-0.028043601807044422,-1.1866099004521815,144.1,6104.090000000001,-0.2243856681491953,-1.3697001426605906,104.7,5267.210000000001,0.5649589321118952,-0.524099716114172,horses
137.3,3895.41,0.3236342539547308,-0.8565048323259354,141.7,3716.81,0.24087027570325706,-0.902850838229404,119.5,4482.45,0.709022924260131,-0.5792039164120002,horses
106.8,4772.5599999999995,1.0996522340847765,-0.1600021305844992,97.6,4378.84,1.2865768766522359,0.5950947770442077,65.7,3633.4100000000008,1.8283490626087335,2.2725398944310395,horses
138.6,3706.84,0.10435122284084604,-0.6087785286723149,138.2,4054.16,0.05637494899751814,-0.8498624137982413,96.3,3390.21,1.1498098868907438,1.0204673331252314,horses
114.7,3754.2100000000005,0.9439048547350211,0.18993348758253914,125.0,3238.0,0.6726815875361447,0.5862788283512534,129.5,5289.65,0.10839550455016625,-1.2292582286954634,horses
207.8,2322.96,-1.5943277616686014,1.2096459183756307,205.0,2528.2,-1.5708063468425302,1.1223728875269794,205.5,2594.85,-1.578095267424277,1.111393704358461,horses
137.5,3801.05,0.35395532552436043,-0.8284356658612264,141.7,3683.2100000000005,0.2578486017562451,-0.8975260083839336,119.8,4335.159999999999,0.6984927837687378,-0.5047876374014688,horses
164.9,2397.69,0.028642605667289118,-0.6151720123704498,130.7,3282.0099999999998,0.6255417764716595,-0.10816319870399127,85.2,3879.9600000000005,1.8500970335460176,2.686138543117358,horses
101.1,6508.089999999999,0.45012120587041443,-0.8799563304109053,105.3,5745.209999999999,0.4209799117881407,-0.7648378967599494,69.8,5702.159999999999,1.3412897219183504,0.9173535885389632,horses
138.9,3185.69,0.7917035647534076,-0.4436392004323366,115.0,4468.8,0.940041259316676,-0.36676528333646763,93.1,5331.09,1.0841758293711559,-0.021837943350688338,horses
165.1,1254.89,1.404579361339619,1.4634880009706919,164.4,1818.44,0.6279683583268754,-0.3866838443751046,162.5,3495.85,-0.0037678773583112216,-1.3549203351527113,horses
188.1,2148.0899999999997,-0.5371985617470904,-0.737955169772869,193.0,1788.4,-0.5225193296262414,-0.6822225599493263,201.4,1492.64,-0.6010406752576599,-0.6579654636943952,horses
172.3,1877.0099999999998,-0.1533861770943364,0.23906244561918877,160.4,2902.2399999999993,-0.3068981133466209,-0.6219849318067019,129.0,6898.4,0.31576571931215786,-1.6088452943805076,horses
163.3,2474.81,0.2194438576783593,-0.8306123550714974,154.7,3338.81,0.21831047393585742,-1.128426929971167,130.2,6095.5599999999995,0.5945479865206801,-1.2702079447777845,horses
207.7,908.6099999999999,-0.5662009483451373,-0.3985414839077275,213.2,691.76,-0.5335908930976717,-0.4508951371520866,220.1,534.0899999999999,-0.5608614601582489,-0.5414635804079029,horses
142.5,4023.65,0.12491245028306805,-1.0945912074413424,141.7,4179.41,0.030706299141740542,-1.0765701917687207,114.1,4253.889999999999,0.6520697747569963,-0.2421235191475195,horses
178.6,5677.44,-1.012957297916913,-0.496188872374264,184.3,4911.81,-1.1839693600467531,0.08028525202114656,174.9,6007.6900000000005,-0.8324748330394688,-0.9214741167422646,humans
200.5,1790.85,-0.8312765479555559,-0.08847006232038268,194.6,2023.4399999999998,-0.8487546188906976,0.06073622974347348,142.2,1863.56,0.8543168846631511,0.3013275288373043,humans
117.4,7728.4400000000005,0.09450014999350347,-1.6250651914652352,103.8,8583.36,0.17969876574806665,-1.6672692716573934,99.4,8099.039999999999,0.27293533521447366,-1.526046192860649,humans
211.9,3404.69,-1.4518310315053813,0.8531320502142461,203.7,3571.6099999999997,-1.121276583223963,0.10100237842986015,193.1,4675.89,-0.9743806114108597,-0.2181767655616147,humans
131.0,3593.2,0.5884721055861212,-0.4645086407539938,127.9,3529.29,0.6965730078104116,-0.26665695132875333,111.3,4184.609999999999,1.0058601529011606,-0.049016226456645384,humans
186.8,1304.3600000000001,0.09664617129350175,-0.5663059221405664,184.6,1358.64,0.11545796431182541,-0.5594361207638845,132.6,2680.84,1.2449175596675737,0.5415895593982758,humans
196.5,4638.05,-0.9847027372709741,-0.29487703527052656,184.8,5187.56,-0.6526563561181067,-0.9297763706764823,169.6,5728.24,-0.24381696410931397,-1.3371078794398235,humans
88.6,4420.4400000000005,1.639275515295046,1.272177003564293,78.6,3811.2400000000002,2.239339677308743,3.730109143895767,62.2,4611.76,2.195942241505248,3.5592899129905984,humans
229.2,3507.3599999999997,-2.4931615701498075,4.508140384134531,228.4,3660.6399999999994,-2.4681991709410784,4.4147100197553115,228.3,3647.41,-2.477933187375062,4.451127073926156,humans
158.8,2812.36,-0.035514461875513166,-0.4991636643336923,146.1,3340.69,0.0006395648079091275,-0.2582951978736796,136.9,3367.09,0.06320386753811577,-0.2502924887775331,humans
95.3,3777.6099999999997,1.4505820810856391,1.9123888286971384,93.6,3777.04,1.4811045344607179,1.9804073151366488,89.7,3944.8100000000004,1.54203611592295,2.112277809282622,humans
134.8,5118.76,-0.08972134419584278,-1.0779466592273492,130.3,5253.61,-0.01907181324037327,-1.065598675657531,105.9,5555.6900000000005,0.5253400582158163,-0.7201932597502947,humans
100.8,3281.359999999999,1.7297781833603807,2.4620906529361157,115.8,3222.7599999999993,1.1162753816513407,1.0550776903226442,78.5,3687.65,2.3640814212754715,4.194072078296343,humans
121.7,4287.01,0.46363816435667,-0.6223350674659471,117.3,4728.8099999999995,0.5609191108448873,-0.7082781711039101,102.1,6079.490000000001,0.913235746115829,-0.6484200231443009,humans
186.8,1304.3600000000001,0.09664617129350175,-0.5663059221405664,184.6,1358.64,0.11545796431182541,-0.5594361207638845,132.6,2680.84,1.2449175596675737,0.5415895593982758,humans
156.8,4283.5599999999995,-0.7512965802443654,-0.0297674460158297,139.4,3764.84,-0.34936286318748583,0.3438572267307243,118.5,4154.65,0.4233380330121712,-0.042854782872839614,humans
200.5,1790.85,-0.8312765479555559,-0.08847006232038268,194.6,2023.4399999999998,-0.8487546188906976,0.06073622974347348,142.2,1863.56,0.8543168846631511,0.3013275288373043,humans
116.5,3777.65,0.7425739310463829,0.22396956982626337,119.1,3400.0899999999992,0.8027664800608982,0.6717227942568322,99.9,3943.29,1.3089594096276758,1.0578654385510564,humans
215.4,2818.4399999999996,-1.6021253742413533,1.458697577244255,201.7,2979.6099999999997,-0.9993692774089652,0.10036702572505352,188.9,3880.09,-0.6971025425546155,-0.4201278973505058,humans
83.8,3873.959999999999,1.8989248086441324,2.881678289154621,122.7,4030.4100000000008,0.43255776844627,-0.366097342621444,50.8,4860.359999999999,2.4428355773703028,4.397800228195507,humans
149.1,7523.889999999999,-0.1070514859820709,-1.601275572300375,160.9,6635.290000000001,-0.2244135831770746,-1.5463437222058662,134.0,7217.4,0.3003032237509725,-1.5241747261089134,humans
178.2,3726.9600000000005,-0.6250997028875357,-0.7934325854825404,144.4,4179.64,-0.13139509305017674,-0.7713402774280147,120.7,4187.610000000001,0.4096770313646498,-0.24126456442044697,humans
150.0,6483.8,-0.021349239848898735,-1.372829517895625,158.0,5823.6,-0.14727633276480517,-1.1589920600895394,142.2,6551.76,0.21956821103268595,-1.4189773017774285,humans
74.8,4333.759999999999,1.8538202864402433,2.637682914086624,71.4,4427.04,1.9499091930331005,2.92333694452779,73.3,4420.61,1.8680835010079684,2.7277353413297796,humans
172.8,5660.5599999999995,-0.3118932319578008,-1.4813080020157396,172.0,4935.2,-0.06548551423984081,-1.564945903808807,161.4,5943.4400000000005,0.05809537623426674,-1.6728072741113513,humans
170.2,3469.7599999999998,-0.5483368604410812,-0.343632183605195,157.6,3449.84,-0.26318501982244225,-0.4574786673671345,149.8,3622.56,-0.07158372654591919,-0.5706195454263452,humans
129.5,2884.65,0.8692848834628163,0.6183744073198447,110.3,3681.809999999999,1.032077546640823,0.725373417008222,107.2,3416.3600000000006,0.9020806572648239,0.435738433214909,humans
170.8,6329.36,-0.34957273896222,-1.2082902344082216,174.7,5990.410000000001,-0.4383838049996848,-1.0627398311167189,150.2,8138.76,0.09495266499225463,-1.6609647377746777,humans
91.9,4745.69,1.0775984244539785,0.5235324802487349,84.2,4156.960000000001,1.4943421511423718,1.603725820881671,53.7,3705.2100000000005,2.196279862686754,3.646025509847502,humans
112.7,4500.410000000001,0.5486544276013378,-0.1772741070293966,105.8,4492.159999999999,0.715157596796347,0.14558982893647254,90.0,4316.8,1.2986343633138533,1.3590385406494994,humans
136.1,4909.69,0.037107923857676306,-1.0444558766060925,126.4,5602.039999999999,0.14232399522451614,-1.1642679505818745,115.4,5976.039999999999,0.31385658801905664,-1.1374912533882062,humans
239.5,2162.25,-2.6666666666666665,5.111111111111111,238.3,2510.0099999999998,-2.6666666666666674,5.111111111111114,237.7,2693.6100000000006,-2.6666666666666647,5.111111111111105,humans
202.0,4141.2,-1.1172068276088287,-0.18919098729930495,197.2,3324.3599999999997,-0.9008320109488308,-0.5214840047418696,187.5,3376.65,-0.6116824205800152,-0.8726354920346631,humans
232.1,4115.090000000001,-2.649234323995884,5.054537017307064,231.6,4187.039999999999,-2.640874063874751,5.026646968384284,231.2,4258.96,-2.638194369470553,5.017732244764883,humans
158.6,6324.639999999999,-0.20016834215308527,-1.3152497913654269,146.2,6458.96,0.1317517623282081,-1.3128481061607113,131.5,7180.65,0.3645522320095439,-1.320375370757341,humans
116.8,4339.359999999999,0.6564501779341824,-0.4606543659904596,118.4,4242.04,0.680851276894482,-0.47079328181769897,112.0,4709.2,0.715529606298692,-0.5341323019271749,humans
130.5,4882.25,0.18983288759179384,-1.05674228679388,110.8,4657.5599999999995,0.6681069014989619,-0.4153080811505854,90.9,4855.49,1.0761266506003366,0.44672045491827195,humans
210.1,2755.2900000000004,-0.6075751071601868,-1.2512648421154628,206.7,3104.6099999999997,-0.5549397503517435,-1.3578042461441306,196.6,4628.039999999999,-0.5353781459643698,-1.4665326197446271,humans
201.6,2861.84,-0.7357033744180284,-0.2629917902124026,200.9,2928.2899999999995,-0.7313947897052744,-0.26564045645245216,199.8,3020.16,-0.7324504670370195,-0.2603284072587617,humans
225.9,3917.69,-2.1534797610143874,3.1646308567577,224.2,4255.16,-2.092211489597092,2.910461192289585,222.8,4586.159999999999,-2.0833789130713942,2.8785640393252967,humans
169.1,3128.0899999999997,-0.24179050847734412,-0.7096407578361204,156.3,3577.81,0.04722411948284952,-0.8681690240894384,129.2,5766.56,0.43187196883165013,-1.2890383967240169,humans
118.1,7878.69,0.2325945103770111,-1.5403093724144883,112.4,7700.840000000001,0.34398495975958676,-1.411555690220908,113.0,7780.6,0.36665093310514363,-1.42484729139945,humans
131.5,3003.25,0.8188379143976944,0.16935871014453419,132.5,3192.85,0.6011524313240945,-0.06383296270240457,121.0,4287.8,0.6757884712189572,-0.6367911774113115,humans
139.3,3799.8100000000004,0.15797215613568263,-0.762101161576556,124.8,3811.959999999999,0.49565054053666224,-0.25597409235165225,113.6,3986.04,0.7631171806915682,0.13243031498411018,humans
116.4,4175.64,0.9177348516908661,-0.35575881053018676,114.9,4019.0899999999992,1.0062529372251172,-0.13456161194940597,104.7,4391.610000000001,1.1523959950735336,0.170597354990059,humans
141.4,6461.24,-0.06304442305187352,-1.497647891896551,141.7,6376.81,-0.054108949026659886,-1.4923961298743282,136.2,6965.76,0.0369446805270648,-1.6240432103475708,humans
103.6,4475.24,0.8051145759553847,0.13193925289648067,104.4,4466.839999999999,0.7853633413641439,0.09092724298816623,108.8,4304.159999999999,0.7435425444456586,9.565387947496617e-06,humans
125.8,4697.5599999999995,0.5010327309101403,-0.9865095170031206,124.5,4506.85,0.571992462644513,-0.841985397392147,119.2,4998.76,0.6248739833126398,-0.8851726562198259,humans
175.3,6075.01,-0.5076400261983326,-0.9702972384125323,173.8,6141.5599999999995,-0.4716923183226992,-1.001903110533287,150.0,8356.8,0.04381592957417303,-1.628387343492305,humans
136.8,7427.960000000001,-0.13497949297880532,-1.66252315216018,134.9,6489.889999999999,-0.018714368506027822,-1.5913806001544437,124.6,7111.24,-0.009435145968015991,-1.4477731446408593,humans
